ride_id,rideable_type,member_casual,ride_duration,started_at,ended_at,start_station_name,start_station_id,end_station_name,end_station_id,start_lat,start_lng,end_lat,end_lng
116163E4247CD8D2,classic_bike,member,0 days 12:16:21,2024-05-31 11:49:34,2024-06-01 00:05:55,Broadway & Ridge Ave,15578,Paulina St & Montrose Ave,TA1309000021,41.9840446107,-87.6602738295,41.961507,-87.671387
116163E4247CD8D2,classic_bike,member,0 days 12:16:21,2024-05-31 11:49:34,2024-06-01 00:05:55,Broadway & Ridge Ave,15578,Paulina St & Montrose Ave,TA1309000021,41.9840446107,-87.6602738295,41.961507,-87.671387
B1B9E66D2E7C383D,classic_bike,casual,0 days 22:02:31,2024-05-31 11:50:26,2024-06-01 09:52:57,Austin Blvd & Madison St,16918,Austin Blvd & Madison St,16918,41.880281,-87.774453,41.880281,-87.774453
B1B9E66D2E7C383D,classic_bike,casual,0 days 22:02:31,2024-05-31 11:50:26,2024-06-01 09:52:57,Austin Blvd & Madison St,16918,Austin Blvd & Madison St,16918,41.880281,-87.774453,41.880281,-87.774453
05D27072A33A290C,classic_bike,member,0 days 11:37:59,2024-05-31 16:34:46,2024-06-01 04:12:45,Dearborn St & Erie St,13045,DuSable Lake Shore Dr & Diversey Pkwy,TA1309000039,41.893992,-87.629318,41.932588,-87.636427
05D27072A33A290C,classic_bike,member,0 days 11:37:59,2024-05-31 16:34:46,2024-06-01 04:12:45,Dearborn St & Erie St,13045,DuSable Lake Shore Dr & Diversey Pkwy,TA1309000039,41.893992,-87.629318,41.932588,-87.636427
5CF14A89027D325F,classic_bike,casual,0 days 20:31:18,2024-05-31 16:42:24,2024-06-01 13:13:42,Rush St & Superior St,15530,Streeter Dr & Grand Ave,13022,41.89576474564,-87.6259080327,41.892278,-87.612043
5CF14A89027D325F,classic_bike,casual,0 days 20:31:18,2024-05-31 16:42:24,2024-06-01 13:13:42,Rush St & Superior St,15530,Streeter Dr & Grand Ave,13022,41.89576474564,-87.6259080327,41.892278,-87.612043
7238771678C03E5F,classic_bike,casual,0 days 06:35:46,2024-05-31 17:36:43,2024-06-01 00:12:29,Michigan Ave & Madison St,13036,Damen Ave & Pierce Ave,TA1305000041,41.882134,-87.625125,41.9093960065,-87.6776919292
7238771678C03E5F,classic_bike,casual,0 days 06:35:46,2024-05-31 17:36:43,2024-06-01 00:12:29,Michigan Ave & Madison St,13036,Damen Ave & Pierce Ave,TA1305000041,41.882134,-87.625125,41.9093960065,-87.6776919292
FA03ED5FBCE6E570,classic_bike,casual,0 days 06:46:27,2024-05-31 18:04:57,2024-06-01 00:51:24,Clark St & North Ave,13128,Wentworth Ave & Cermak Rd,13075,41.911974,-87.631942,41.85308455741279,-87.63193130493164
FA03ED5FBCE6E570,classic_bike,casual,0 days 06:46:27,2024-05-31 18:04:57,2024-06-01 00:51:24,Clark St & North Ave,13128,Wentworth Ave & Cermak Rd,13075,41.911974,-87.631942,41.85308455741279,-87.63193130493164
97FB4EDFD12E4192,classic_bike,casual,0 days 13:09:39,2024-05-31 18:18:02,2024-06-01 07:27:41,Leavitt St & Belmont Ave,KA17018068,Spaulding Ave & Armitage Ave,15650,41.939354,-87.683282,41.91710803478932,-87.71022096276283
97FB4EDFD12E4192,classic_bike,casual,0 days 13:09:39,2024-05-31 18:18:02,2024-06-01 07:27:41,Leavitt St & Belmont Ave,KA17018068,Spaulding Ave & Armitage Ave,15650,41.939354,-87.683282,41.91710803478932,-87.71022096276283
43F5E06516957BF9,classic_bike,casual,0 days 06:30:42,2024-05-31 18:23:08,2024-06-01 00:53:50,Streeter Dr & Grand Ave,13022,Sheffield Ave & Waveland Ave,TA1307000126,41.892278,-87.612043,41.949399,-87.654529
43F5E06516957BF9,classic_bike,casual,0 days 06:30:42,2024-05-31 18:23:08,2024-06-01 00:53:50,Streeter Dr & Grand Ave,13022,Sheffield Ave & Waveland Ave,TA1307000126,41.892278,-87.612043,41.949399,-87.654529
CE5D8C80E791A4BE,electric_bike,member,0 days 06:04:51,2024-05-31 19:02:10,2024-06-01 01:07:01,Wabash Ave & Adams St,KA1503000015,Wabash Ave & Grand Ave,TA1307000117,41.879328966,-87.625932455,41.891466,-87.626761
CE5D8C80E791A4BE,electric_bike,member,0 days 06:04:51,2024-05-31 19:02:10,2024-06-01 01:07:01,Wabash Ave & Adams St,KA1503000015,Wabash Ave & Grand Ave,TA1307000117,41.879328966,-87.625932455,41.891466,-87.626761
C4348E6A5DF57407,classic_bike,casual,0 days 14:47:46,2024-05-31 19:39:31,2024-06-01 10:27:17,Larrabee St & Menomonee St,TA1306000007,Ravenswood Ave & Lawrence Ave,TA1309000066,41.91468,-87.64332,41.968445,-87.674226
C4348E6A5DF57407,classic_bike,casual,0 days 14:47:46,2024-05-31 19:39:31,2024-06-01 10:27:17,Larrabee St & Menomonee St,TA1306000007,Ravenswood Ave & Lawrence Ave,TA1309000066,41.91468,-87.64332,41.968445,-87.674226
0C2E6C64DFAB2BB2,classic_bike,casual,0 days 21:04:11,2024-05-31 20:09:42,2024-06-01 17:13:53,Millennium Park,13008,Kingsbury St & Erie St,13265,41.8810317,-87.62408432,41.89380805624359,-87.64169722795485
0C2E6C64DFAB2BB2,classic_bike,casual,0 days 21:04:11,2024-05-31 20:09:42,2024-06-01 17:13:53,Millennium Park,13008,Kingsbury St & Erie St,13265,41.8810317,-87.62408432,41.89380805624359,-87.64169722795485
0F96F0BD8E9401F0,classic_bike,casual,0 days 13:10:24,2024-05-31 20:10:57,2024-06-01 09:21:21,Clark St & Wellington Ave,TA1307000136,Halsted St & Roscoe St,TA1309000025,41.9364968219,-87.6475386582,41.94367,-87.64895
0F96F0BD8E9401F0,classic_bike,casual,0 days 13:10:24,2024-05-31 20:10:57,2024-06-01 09:21:21,Clark St & Wellington Ave,TA1307000136,Halsted St & Roscoe St,TA1309000025,41.9364968219,-87.6475386582,41.94367,-87.64895
43637BA11F2DAA42,classic_bike,casual,0 days 17:01:37,2024-05-31 20:27:14,2024-06-01 13:28:51,Dearborn St & Erie St,13045,Broadway & Cornelia Ave,13278,41.893992,-87.629318,41.945529,-87.646439
43637BA11F2DAA42,classic_bike,casual,0 days 17:01:37,2024-05-31 20:27:14,2024-06-01 13:28:51,Dearborn St & Erie St,13045,Broadway & Cornelia Ave,13278,41.893992,-87.629318,41.945529,-87.646439
1EF6CBC15814F5DA,classic_bike,casual,0 days 20:59:14,2024-05-31 20:56:46,2024-06-01 17:56:00,Clark St & Wrightwood Ave,TA1305000014,Clark St & Grace St,TA1307000127,41.929546,-87.643118,41.95078,-87.659172
1EF6CBC15814F5DA,classic_bike,casual,0 days 20:59:14,2024-05-31 20:56:46,2024-06-01 17:56:00,Clark St & Wrightwood Ave,TA1305000014,Clark St & Grace St,TA1307000127,41.929546,-87.643118,41.95078,-87.659172
95B4A852D801C77A,classic_bike,casual,0 days 05:30:26,2024-05-31 21:06:26,2024-06-01 02:36:52,Kedzie Ave & Milwaukee Ave,13085,Kedzie Ave & Milwaukee Ave,13085,41.929567,-87.707857,41.929567,-87.707857
95B4A852D801C77A,classic_bike,casual,0 days 05:30:26,2024-05-31 21:06:26,2024-06-01 02:36:52,Kedzie Ave & Milwaukee Ave,13085,Kedzie Ave & Milwaukee Ave,13085,41.929567,-87.707857,41.929567,-87.707857
3CE5E2EB3B4E1999,electric_bike,casual,0 days 02:22:21,2024-05-31 22:28:32,2024-06-01 00:50:53,Columbus Dr & Randolph St,13263,Wentworth Ave & Cermak Rd*,chargingstx07,41.884437203,-87.619559765,41.853214418519656,-87.63187229633331
3CE5E2EB3B4E1999,electric_bike,casual,0 days 02:22:21,2024-05-31 22:28:32,2024-06-01 00:50:53,Columbus Dr & Randolph St,13263,Wentworth Ave & Cermak Rd*,chargingstx07,41.884437203,-87.619559765,41.853214418519656,-87.63187229633331
07DBFDA3C91006AE,classic_bike,casual,0 days 10:29:42,2024-05-31 22:35:31,2024-06-01 09:05:13,Western Ave & Walton St,KA1504000103,Western Ave & Walton St,KA1504000103,41.89841768945,-87.6865960164,41.89841768945,-87.6865960164
07DBFDA3C91006AE,classic_bike,casual,0 days 10:29:42,2024-05-31 22:35:31,2024-06-01 09:05:13,Western Ave & Walton St,KA1504000103,Western Ave & Walton St,KA1504000103,41.89841768945,-87.6865960164,41.89841768945,-87.6865960164
ABFFF6C6D8887D92,classic_bike,casual,0 days 02:08:37,2024-05-31 22:42:32,2024-06-01 00:51:09,Columbus Dr & Randolph St,13263,Wentworth Ave & Cermak Rd*,chargingstx07,41.884728,-87.619521,41.853214418519656,-87.63187229633331
ABFFF6C6D8887D92,classic_bike,casual,0 days 02:08:37,2024-05-31 22:42:32,2024-06-01 00:51:09,Columbus Dr & Randolph St,13263,Wentworth Ave & Cermak Rd*,chargingstx07,41.884728,-87.619521,41.853214418519656,-87.63187229633331
F7E3361ABB32F747,classic_bike,casual,0 days 02:08:28,2024-05-31 22:42:51,2024-06-01 00:51:19,Columbus Dr & Randolph St,13263,Wentworth Ave & Cermak Rd,13075,41.884728,-87.619521,41.85308455741279,-87.63193130493164
F7E3361ABB32F747,classic_bike,casual,0 days 02:08:28,2024-05-31 22:42:51,2024-06-01 00:51:19,Columbus Dr & Randolph St,13263,Wentworth Ave & Cermak Rd,13075,41.884728,-87.619521,41.85308455741279,-87.63193130493164
3F8AA01C33AD62BA,classic_bike,casual,0 days 06:05:37,2024-05-31 22:49:28,2024-06-01 04:55:05,Larrabee St & Webster Ave,13193,Wells St & Concord Ln,TA1308000050,41.921822,-87.64414,41.912133,-87.634656
3F8AA01C33AD62BA,classic_bike,casual,0 days 06:05:37,2024-05-31 22:49:28,2024-06-01 04:55:05,Larrabee St & Webster Ave,13193,Wells St & Concord Ln,TA1308000050,41.921822,-87.64414,41.912133,-87.634656
C899AFD24E3306F0,classic_bike,casual,0 days 01:24:09,2024-05-31 22:50:23,2024-06-01 00:14:32,State St & Van Buren St,TA1305000035,State St & Van Buren St,TA1305000035,41.877181,-87.627844,41.877181,-87.627844
C899AFD24E3306F0,classic_bike,casual,0 days 01:24:09,2024-05-31 22:50:23,2024-06-01 00:14:32,State St & Van Buren St,TA1305000035,State St & Van Buren St,TA1305000035,41.877181,-87.627844,41.877181,-87.627844
BE96DFD7724F59C5,classic_bike,casual,0 days 01:21:30,2024-05-31 22:52:38,2024-06-01 00:14:08,Burnham Harbor,15545,Western Ave & Winnebago Ave,13068,41.85741178707404,-87.61379152536392,41.91552,-87.687022
BE96DFD7724F59C5,classic_bike,casual,0 days 01:21:30,2024-05-31 22:52:38,2024-06-01 00:14:08,Burnham Harbor,15545,Western Ave & Winnebago Ave,13068,41.85741178707404,-87.61379152536392,41.91552,-87.687022
7BC67FD33887B3CB,classic_bike,casual,0 days 01:48:21,2024-05-31 22:54:20,2024-06-01 00:42:41,Burnham Harbor,15545,St. Louis Ave & Fullerton Ave,KA1504000090,41.85741178707404,-87.61379152536392,41.92481559681187,-87.71449506282805
7BC67FD33887B3CB,classic_bike,casual,0 days 01:48:21,2024-05-31 22:54:20,2024-06-01 00:42:41,Burnham Harbor,15545,St. Louis Ave & Fullerton Ave,KA1504000090,41.85741178707404,-87.61379152536392,41.92481559681187,-87.71449506282805
93DE9869CB329AC0,classic_bike,casual,0 days 10:40:13,2024-05-31 23:06:03,2024-06-01 09:46:16,Western Ave & Walton St,KA1504000103,Damen Ave & Chicago Ave,13132,41.89841768945,-87.6865960164,41.895769,-87.67722
93DE9869CB329AC0,classic_bike,casual,0 days 10:40:13,2024-05-31 23:06:03,2024-06-01 09:46:16,Western Ave & Walton St,KA1504000103,Damen Ave & Chicago Ave,13132,41.89841768945,-87.6865960164,41.895769,-87.67722
911805B6A69F6204,electric_bike,member,0 days 01:08:28,2024-05-31 23:06:30,2024-06-01 00:14:58,Burnham Harbor,15545,Streeter Dr & Grand Ave,13022,41.857420802,-87.613818169,41.892278,-87.612043
911805B6A69F6204,electric_bike,member,0 days 01:08:28,2024-05-31 23:06:30,2024-06-01 00:14:58,Burnham Harbor,15545,Streeter Dr & Grand Ave,13022,41.857420802,-87.613818169,41.892278,-87.612043
FEA150E7A56F187E,classic_bike,member,0 days 09:38:38,2024-05-31 23:09:06,2024-06-01 08:47:44,Sangamon St & Lake St,TA1306000015,State St & Kinzie St,13050,41.88577925240433,-87.65102460980414,41.88937546663168,-87.62707650661469
FEA150E7A56F187E,classic_bike,member,0 days 09:38:38,2024-05-31 23:09:06,2024-06-01 08:47:44,Sangamon St & Lake St,TA1306000015,State St & Kinzie St,13050,41.88577925240433,-87.65102460980414,41.88937546663168,-87.62707650661469
E011D7A381AEF0A7,classic_bike,casual,0 days 01:03:31,2024-05-31 23:11:00,2024-06-01 00:14:31,Burnham Harbor,15545,Western Ave & Winnebago Ave,13068,41.85741178707404,-87.61379152536392,41.91552,-87.687022
E011D7A381AEF0A7,classic_bike,casual,0 days 01:03:31,2024-05-31 23:11:00,2024-06-01 00:14:31,Burnham Harbor,15545,Western Ave & Winnebago Ave,13068,41.85741178707404,-87.61379152536392,41.91552,-87.687022
88BFB17F3D4B715B,electric_bike,casual,0 days 00:58:06,2024-05-31 23:17:35,2024-06-01 00:15:41,Dearborn St & Erie St,13045,State St & Van Buren St,TA1305000035,41.893980742,-87.629399776,41.877181,-87.627844
856C7C0338131AAA,classic_bike,casual,0 days 00:57:10,2024-05-31 23:17:35,2024-06-01 00:14:45,Burnham Harbor,15545,Streeter Dr & Grand Ave,13022,41.85741178707404,-87.61379152536392,41.892278,-87.612043
856C7C0338131AAA,classic_bike,casual,0 days 00:57:10,2024-05-31 23:17:35,2024-06-01 00:14:45,Burnham Harbor,15545,Streeter Dr & Grand Ave,13022,41.85741178707404,-87.61379152536392,41.892278,-87.612043
88BFB17F3D4B715B,electric_bike,casual,0 days 00:58:06,2024-05-31 23:17:35,2024-06-01 00:15:41,Dearborn St & Erie St,13045,State St & Van Buren St,TA1305000035,41.893980742,-87.629399776,41.877181,-87.627844
171D1ADC1F6AB687,classic_bike,member,0 days 00:55:11,2024-05-31 23:18:10,2024-06-01 00:13:21,Streeter Dr & Grand Ave,13022,Clark St & Columbia Ave,RP-008,41.892278,-87.612043,42.00445062934,-87.6724024047
171D1ADC1F6AB687,classic_bike,member,0 days 00:55:11,2024-05-31 23:18:10,2024-06-01 00:13:21,Streeter Dr & Grand Ave,13022,Clark St & Columbia Ave,RP-008,41.892278,-87.612043,42.00445062934,-87.6724024047
F56A74CBCE0D5CEC,electric_bike,casual,0 days 00:52:23,2024-05-31 23:18:37,2024-06-01 00:11:00,Michigan Ave & 14th St,TA1307000124,Halsted St & Dickens Ave,13192,41.864035845,-87.623782039,41.919936,-87.64883
F56A74CBCE0D5CEC,electric_bike,casual,0 days 00:52:23,2024-05-31 23:18:37,2024-06-01 00:11:00,Michigan Ave & 14th St,TA1307000124,Halsted St & Dickens Ave,13192,41.864035845,-87.623782039,41.919936,-87.64883
8C8875FAB92C98E4,electric_bike,member,0 days 00:52:01,2024-05-31 23:18:54,2024-06-01 00:10:55,Michigan Ave & 14th St,TA1307000124,Halsted St & Dickens Ave,13192,41.864233494,-87.623565555,41.919936,-87.64883
8C8875FAB92C98E4,electric_bike,member,0 days 00:52:01,2024-05-31 23:18:54,2024-06-01 00:10:55,Michigan Ave & 14th St,TA1307000124,Halsted St & Dickens Ave,13192,41.864233494,-87.623565555,41.919936,-87.64883
CFEA352ECBC2DAD6,classic_bike,casual,0 days 00:54:45,2024-05-31 23:19:48,2024-06-01 00:14:33,Burnham Harbor,15545,Streeter Dr & Grand Ave,13022,41.85741178707404,-87.61379152536392,41.892278,-87.612043
CFEA352ECBC2DAD6,classic_bike,casual,0 days 00:54:45,2024-05-31 23:19:48,2024-06-01 00:14:33,Burnham Harbor,15545,Streeter Dr & Grand Ave,13022,41.85741178707404,-87.61379152536392,41.892278,-87.612043
0BA4301425A10833,electric_bike,casual,0 days 01:12:56,2024-05-31 23:20:23,2024-06-01 00:33:19,McClurg Ct & Erie St,KA1503000041,McClurg Ct & Erie St,KA1503000041,41.894141793,-87.617877603,41.894503,-87.617854
0BA4301425A10833,electric_bike,casual,0 days 01:12:56,2024-05-31 23:20:23,2024-06-01 00:33:19,McClurg Ct & Erie St,KA1503000041,McClurg Ct & Erie St,KA1503000041,41.894141793,-87.617877603,41.894503,-87.617854
ABBD88BEBC1431FF,electric_bike,casual,0 days 01:13:06,2024-05-31 23:20:35,2024-06-01 00:33:41,McClurg Ct & Erie St,KA1503000041,McClurg Ct & Erie St,KA1503000041,41.894351244,-87.617765188,41.894503,-87.617854
ABBD88BEBC1431FF,electric_bike,casual,0 days 01:13:06,2024-05-31 23:20:35,2024-06-01 00:33:41,McClurg Ct & Erie St,KA1503000041,McClurg Ct & Erie St,KA1503000041,41.894351244,-87.617765188,41.894503,-87.617854
BB8229EB1FE3CFA5,classic_bike,member,0 days 00:42:35,2024-05-31 23:21:43,2024-06-01 00:04:18,Lakefront Trail & Bryn Mawr Ave,15576,Clark St & Armitage Ave,13146,41.98404411519213,-87.65228122472763,41.918306,-87.636282
8F03D46E5BA76187,classic_bike,member,0 days 00:45:56,2024-05-31 23:21:43,2024-06-01 00:07:39,Lakefront Trail & Bryn Mawr Ave,15576,Clark St & Elm St,TA1307000039,41.98404411519213,-87.65228122472763,41.902973,-87.63128
BB8229EB1FE3CFA5,classic_bike,member,0 days 00:42:35,2024-05-31 23:21:43,2024-06-01 00:04:18,Lakefront Trail & Bryn Mawr Ave,15576,Clark St & Armitage Ave,13146,41.98404411519213,-87.65228122472763,41.918306,-87.636282
8F03D46E5BA76187,classic_bike,member,0 days 00:45:56,2024-05-31 23:21:43,2024-06-01 00:07:39,Lakefront Trail & Bryn Mawr Ave,15576,Clark St & Elm St,TA1307000039,41.98404411519213,-87.65228122472763,41.902973,-87.63128
AA68E251D9989D2C,electric_bike,member,0 days 00:45:03,2024-05-31 23:22:30,2024-06-01 00:07:33,Lakefront Trail & Bryn Mawr Ave,15576,Clark St & Elm St,TA1307000039,41.984025121,-87.652376652,41.902973,-87.63128
AA68E251D9989D2C,electric_bike,member,0 days 00:45:03,2024-05-31 23:22:30,2024-06-01 00:07:33,Lakefront Trail & Bryn Mawr Ave,15576,Clark St & Elm St,TA1307000039,41.984025121,-87.652376652,41.902973,-87.63128
394331DFAF9F2347,classic_bike,member,0 days 01:17:50,2024-05-31 23:32:20,2024-06-01 00:50:10,State St & Randolph St,TA1305000029,Jeffery Blvd & 67th St,KA1503000030,41.88462107257936,-87.62783423066139,41.77351755125,-87.5771428255
394331DFAF9F2347,classic_bike,member,0 days 01:17:50,2024-05-31 23:32:20,2024-06-01 00:50:10,State St & Randolph St,TA1305000029,Jeffery Blvd & 67th St,KA1503000030,41.88462107257936,-87.62783423066139,41.77351755125,-87.5771428255
2693CC283E128075,classic_bike,casual,0 days 00:31:54,2024-05-31 23:33:06,2024-06-01 00:05:00,Leavitt St & Chicago Ave,18058,Kosciuszko Park,15643,41.895501,-87.682017,41.93058537138,-87.7237773635
2693CC283E128075,classic_bike,casual,0 days 00:31:54,2024-05-31 23:33:06,2024-06-01 00:05:00,Leavitt St & Chicago Ave,18058,Kosciuszko Park,15643,41.895501,-87.682017,41.93058537138,-87.7237773635
9C7764DA6B616DA8,electric_bike,casual,0 days 00:31:41,2024-05-31 23:33:28,2024-06-01 00:05:09,Lake Park Ave & 53rd St,KA1503000059,South Shore Dr & 71st St,KA1503000002,41.79975483333333,-87.586299,41.7664094567,-87.5656875719
9C7764DA6B616DA8,electric_bike,casual,0 days 00:31:41,2024-05-31 23:33:28,2024-06-01 00:05:09,Lake Park Ave & 53rd St,KA1503000059,South Shore Dr & 71st St,KA1503000002,41.79975483333333,-87.586299,41.7664094567,-87.5656875719
1B57E6F3A5495300,classic_bike,casual,0 days 00:48:32,2024-05-31 23:34:14,2024-06-01 00:22:46,DuSable Lake Shore Dr & Belmont Ave,TA1309000049,Broadway & Sheridan Rd,13323,41.940775,-87.639192,41.952833,-87.649993
1B57E6F3A5495300,classic_bike,casual,0 days 00:48:32,2024-05-31 23:34:14,2024-06-01 00:22:46,DuSable Lake Shore Dr & Belmont Ave,TA1309000049,Broadway & Sheridan Rd,13323,41.940775,-87.639192,41.952833,-87.649993
BC2B0F1981C8482E,classic_bike,casual,0 days 01:52:50,2024-05-31 23:36:38,2024-06-01 01:29:28,Franklin St & Lake St,TA1307000111,Kingsbury St & Erie St,13265,41.885837,-87.6355,41.89380805624359,-87.64169722795485
BC2B0F1981C8482E,classic_bike,casual,0 days 01:52:50,2024-05-31 23:36:38,2024-06-01 01:29:28,Franklin St & Lake St,TA1307000111,Kingsbury St & Erie St,13265,41.885837,-87.6355,41.89380805624359,-87.64169722795485
E44822A2626D9047,electric_bike,casual,0 days 00:45:06,2024-05-31 23:38:11,2024-06-01 00:23:17,Dearborn St & Van Buren St,624,DuSable Lake Shore Dr & Monroe St,13300,41.876304,-87.6297515,41.880958,-87.616743
E44822A2626D9047,electric_bike,casual,0 days 00:45:06,2024-05-31 23:38:11,2024-06-01 00:23:17,Dearborn St & Van Buren St,624,DuSable Lake Shore Dr & Monroe St,13300,41.876304,-87.6297515,41.880958,-87.616743
3A0BC4DC143CCD47,classic_bike,casual,0 days 00:40:37,2024-05-31 23:38:32,2024-06-01 00:19:09,Wilton Ave & Belmont Ave,TA1307000134,Morgan St & Polk St,TA1307000130,41.940231918108594,-87.65294373035431,41.871737,-87.65103
3A0BC4DC143CCD47,classic_bike,casual,0 days 00:40:37,2024-05-31 23:38:32,2024-06-01 00:19:09,Wilton Ave & Belmont Ave,TA1307000134,Morgan St & Polk St,TA1307000130,41.940231918108594,-87.65294373035431,41.871737,-87.65103
A454DCC96C4483CC,classic_bike,casual,0 days 00:40:35,2024-05-31 23:38:36,2024-06-01 00:19:11,Wilton Ave & Belmont Ave,TA1307000134,Morgan St & Polk St,TA1307000130,41.940231918108594,-87.65294373035431,41.871737,-87.65103
A454DCC96C4483CC,classic_bike,casual,0 days 00:40:35,2024-05-31 23:38:36,2024-06-01 00:19:11,Wilton Ave & Belmont Ave,TA1307000134,Morgan St & Polk St,TA1307000130,41.940231918108594,-87.65294373035431,41.871737,-87.65103
B3C137975492B86D,classic_bike,member,0 days 00:30:07,2024-05-31 23:38:38,2024-06-01 00:08:45,Clark St & Newport St,632,Kingsbury St & Erie St,13265,41.94454,-87.654678,41.89380805624359,-87.64169722795485
B3C137975492B86D,classic_bike,member,0 days 00:30:07,2024-05-31 23:38:38,2024-06-01 00:08:45,Clark St & Newport St,632,Kingsbury St & Erie St,13265,41.94454,-87.654678,41.89380805624359,-87.64169722795485
E4A5714390A3C462,classic_bike,casual,0 days 00:39:07,2024-05-31 23:38:47,2024-06-01 00:17:54,DuSable Lake Shore Dr & Belmont Ave,TA1309000049,Pine Grove Ave & Irving Park Rd,TA1308000022,41.940775,-87.639192,41.954383,-87.648043
E4A5714390A3C462,classic_bike,casual,0 days 00:39:07,2024-05-31 23:38:47,2024-06-01 00:17:54,DuSable Lake Shore Dr & Belmont Ave,TA1309000049,Pine Grove Ave & Irving Park Rd,TA1308000022,41.940775,-87.639192,41.954383,-87.648043
5322E55C9310A9D2,classic_bike,member,0 days 00:29:36,2024-05-31 23:39:06,2024-06-01 00:08:42,Clark St & Newport St,632,Kingsbury St & Erie St,13265,41.94454,-87.654678,41.89380805624359,-87.64169722795485
5322E55C9310A9D2,classic_bike,member,0 days 00:29:36,2024-05-31 23:39:06,2024-06-01 00:08:42,Clark St & Newport St,632,Kingsbury St & Erie St,13265,41.94454,-87.654678,41.89380805624359,-87.64169722795485
3A1629D062D4B70D,classic_bike,casual,0 days 00:21:46,2024-05-31 23:40:05,2024-06-01 00:01:51,Wells St & Concord Ln,TA1308000050,DuSable Lake Shore Dr & Diversey Pkwy,TA1309000039,41.912133,-87.634656,41.932588,-87.636427
3A1629D062D4B70D,classic_bike,casual,0 days 00:21:46,2024-05-31 23:40:05,2024-06-01 00:01:51,Wells St & Concord Ln,TA1308000050,DuSable Lake Shore Dr & Diversey Pkwy,TA1309000039,41.912133,-87.634656,41.932588,-87.636427
8BF93D4DDB0C0813,classic_bike,casual,0 days 00:20:58,2024-05-31 23:40:08,2024-06-01 00:01:06,Wells St & Concord Ln,TA1308000050,DuSable Lake Shore Dr & Diversey Pkwy,TA1309000039,41.912133,-87.634656,41.932588,-87.636427
8BF93D4DDB0C0813,classic_bike,casual,0 days 00:20:58,2024-05-31 23:40:08,2024-06-01 00:01:06,Wells St & Concord Ln,TA1308000050,DuSable Lake Shore Dr & Diversey Pkwy,TA1309000039,41.912133,-87.634656,41.932588,-87.636427
990470E7F6F4F760,classic_bike,member,0 days 00:19:53,2024-05-31 23:40:36,2024-06-01 00:00:29,Wells St & Concord Ln,TA1308000050,DuSable Lake Shore Dr & Diversey Pkwy,TA1309000039,41.912133,-87.634656,41.932588,-87.636427
990470E7F6F4F760,classic_bike,member,0 days 00:19:53,2024-05-31 23:40:36,2024-06-01 00:00:29,Wells St & Concord Ln,TA1308000050,DuSable Lake Shore Dr & Diversey Pkwy,TA1309000039,41.912133,-87.634656,41.932588,-87.636427
96525F541FF8A077,classic_bike,member,0 days 00:20:21,2024-05-31 23:41:00,2024-06-01 00:01:21,State St & Chicago Ave,21544,Aberdeen St & Jackson Blvd,13157,41.89661720040753,-87.62857854366302,41.87772613,-87.65478743
96525F541FF8A077,classic_bike,member,0 days 00:20:21,2024-05-31 23:41:00,2024-06-01 00:01:21,State St & Chicago Ave,21544,Aberdeen St & Jackson Blvd,13157,41.89661720040753,-87.62857854366302,41.87772613,-87.65478743
E3023D3FDD3EEAED,classic_bike,casual,0 days 01:09:14,2024-05-31 23:41:03,2024-06-01 00:50:17,Elston Ave & Cortland St,TA1305000039,Clinton St & Jackson Blvd,638,41.91643342912655,-87.66674637794495,41.87831661183069,-87.64098107814789
E3023D3FDD3EEAED,classic_bike,casual,0 days 01:09:14,2024-05-31 23:41:03,2024-06-01 00:50:17,Elston Ave & Cortland St,TA1305000039,Clinton St & Jackson Blvd,638,41.91643342912655,-87.66674637794495,41.87831661183069,-87.64098107814789
8E32D178ED360513,classic_bike,member,0 days 00:24:14,2024-05-31 23:41:48,2024-06-01 00:06:02,Blackstone Ave & Hyde Park Blvd,13398,Cottage Grove Ave & 67th St,KA1503000031,41.802562,-87.590368,41.77372095205,-87.60563486
8E32D178ED360513,classic_bike,member,0 days 00:24:14,2024-05-31 23:41:48,2024-06-01 00:06:02,Blackstone Ave & Hyde Park Blvd,13398,Cottage Grove Ave & 67th St,KA1503000031,41.802562,-87.590368,41.77372095205,-87.60563486
2C772EDDDBDEFDA3,electric_bike,casual,0 days 00:42:26,2024-05-31 23:42:42,2024-06-01 00:25:08,Dearborn St & Van Buren St,624,DuSable Lake Shore Dr & Monroe St,13300,41.876053929,-87.629920602,41.880958,-87.616743
2C772EDDDBDEFDA3,electric_bike,casual,0 days 00:42:26,2024-05-31 23:42:42,2024-06-01 00:25:08,Dearborn St & Van Buren St,624,DuSable Lake Shore Dr & Monroe St,13300,41.876053929,-87.629920602,41.880958,-87.616743
F8A9257D1DD04F43,classic_bike,member,0 days 00:19:42,2024-05-31 23:43:04,2024-06-01 00:02:46,Sheffield Ave & Wrightwood Ave,TA1309000023,Halsted St & Fulton St,23003,41.928712,-87.653833,41.886871,-87.648089
F8A9257D1DD04F43,classic_bike,member,0 days 00:19:42,2024-05-31 23:43:04,2024-06-01 00:02:46,Sheffield Ave & Wrightwood Ave,TA1309000023,Halsted St & Fulton St,23003,41.928712,-87.653833,41.886871,-87.648089
1287B41238736829,classic_bike,casual,0 days 00:29:10,2024-05-31 23:44:02,2024-06-01 00:13:12,State St & Kinzie St,13050,Campbell Ave & North Ave,13257,41.88937546663168,-87.62707650661469,41.910535,-87.689556
1287B41238736829,classic_bike,casual,0 days 00:29:10,2024-05-31 23:44:02,2024-06-01 00:13:12,State St & Kinzie St,13050,Campbell Ave & North Ave,13257,41.88937546663168,-87.62707650661469,41.910535,-87.689556
D0E4678A0FA7AF41,electric_bike,casual,0 days 00:16:17,2024-05-31 23:44:11,2024-06-01 00:00:28,California Ave & Milwaukee Ave,13084,Kingsbury St & Kinzie St,KA1503000043,41.922655582,-87.69722259,41.88917683258,-87.6385057718
D0E4678A0FA7AF41,electric_bike,casual,0 days 00:16:17,2024-05-31 23:44:11,2024-06-01 00:00:28,California Ave & Milwaukee Ave,13084,Kingsbury St & Kinzie St,KA1503000043,41.922655582,-87.69722259,41.88917683258,-87.6385057718
CB85886B0C75E7A5,electric_bike,casual,0 days 00:38:23,2024-05-31 23:44:50,2024-06-01 00:23:13,Damen Ave & Cullerton St,13089,Wells St & Huron St,TA1306000012,41.855029583,-87.675620556,41.894722,-87.634362
CB85886B0C75E7A5,electric_bike,casual,0 days 00:38:23,2024-05-31 23:44:50,2024-06-01 00:23:13,Damen Ave & Cullerton St,13089,Wells St & Huron St,TA1306000012,41.855029583,-87.675620556,41.894722,-87.634362
AA04719102286440,classic_bike,casual,0 days 00:23:32,2024-05-31 23:45:06,2024-06-01 00:08:38,Honore St & Division St,TA1305000034,Dearborn St & Erie St,13045,41.903119,-87.673935,41.893992,-87.629318
AA04719102286440,classic_bike,casual,0 days 00:23:32,2024-05-31 23:45:06,2024-06-01 00:08:38,Honore St & Division St,TA1305000034,Dearborn St & Erie St,13045,41.903119,-87.673935,41.893992,-87.629318
457012CA083F9E32,classic_bike,member,0 days 00:15:46,2024-05-31 23:45:42,2024-06-01 00:01:28,Clark St & Berwyn Ave,KA1504000146,California Ave & Montrose Ave,15622,41.97803062248656,-87.66856491565704,41.961068,-87.695439
457012CA083F9E32,classic_bike,member,0 days 00:15:46,2024-05-31 23:45:42,2024-06-01 00:01:28,Clark St & Berwyn Ave,KA1504000146,California Ave & Montrose Ave,15622,41.97803062248656,-87.66856491565704,41.961068,-87.695439
48336A2CA0B002D9,electric_bike,casual,0 days 00:38:01,2024-05-31 23:45:47,2024-06-01 00:23:48,Dearborn St & Van Buren St,624,DuSable Lake Shore Dr & Monroe St,13300,41.876330733,-87.629491329,41.880958,-87.616743
48336A2CA0B002D9,electric_bike,casual,0 days 00:38:01,2024-05-31 23:45:47,2024-06-01 00:23:48,Dearborn St & Van Buren St,624,DuSable Lake Shore Dr & Monroe St,13300,41.876330733,-87.629491329,41.880958,-87.616743
43CD52984AD22D99,electric_bike,member,0 days 00:25:55,2024-05-31 23:45:51,2024-06-01 00:11:46,Wentworth Ave & Cermak Rd*,chargingstx07,Loomis St & Lexington St,13332,41.853097796,-87.631870747,41.87222873224032,-87.66136385500431
43CD52984AD22D99,electric_bike,member,0 days 00:25:55,2024-05-31 23:45:51,2024-06-01 00:11:46,Wentworth Ave & Cermak Rd*,chargingstx07,Loomis St & Lexington St,13332,41.853097796,-87.631870747,41.87222873224032,-87.66136385500431
2F6D74102A4FFFD6,classic_bike,member,0 days 00:25:52,2024-05-31 23:45:59,2024-06-01 00:11:51,Morgan St & Lake St*,chargingstx4,LaSalle Dr & Huron St,KP1705001026,41.88549170626906,-87.65228927135468,41.894877,-87.632326
2F6D74102A4FFFD6,classic_bike,member,0 days 00:25:52,2024-05-31 23:45:59,2024-06-01 00:11:51,Morgan St & Lake St*,chargingstx4,LaSalle Dr & Huron St,KP1705001026,41.88549170626906,-87.65228927135468,41.894877,-87.632326
718E4ECBD0FE1440,electric_bike,casual,0 days 00:20:16,2024-05-31 23:47:02,2024-06-01 00:07:18,Michigan Ave & 14th St,TA1307000124,Halsted St & 35th St,TA1308000043,41.864289166666666,-87.623626,41.830661,-87.647172
718E4ECBD0FE1440,electric_bike,casual,0 days 00:20:16,2024-05-31 23:47:02,2024-06-01 00:07:18,Michigan Ave & 14th St,TA1307000124,Halsted St & 35th St,TA1308000043,41.864289166666666,-87.623626,41.830661,-87.647172
4DB84959E1658F13,classic_bike,member,0 days 00:17:52,2024-05-31 23:47:05,2024-06-01 00:04:57,Dearborn Pkwy & Delaware Pl,TA1307000128,Halsted St & Wrightwood Ave,TA1309000061,41.898969,-87.629912,41.929143,-87.649077
4DB84959E1658F13,classic_bike,member,0 days 00:17:52,2024-05-31 23:47:05,2024-06-01 00:04:57,Dearborn Pkwy & Delaware Pl,TA1307000128,Halsted St & Wrightwood Ave,TA1309000061,41.898969,-87.629912,41.929143,-87.649077
830A1214FF37C7BB,electric_bike,member,0 days 00:19:12,2024-05-31 23:47:31,2024-06-01 00:06:43,Michigan Ave & Oak St,13042,State St & 19th St,SL-013,41.90088284,-87.623713493,41.856594,-87.627542
830A1214FF37C7BB,electric_bike,member,0 days 00:19:12,2024-05-31 23:47:31,2024-06-01 00:06:43,Michigan Ave & Oak St,13042,State St & 19th St,SL-013,41.90088284,-87.623713493,41.856594,-87.627542
992E375F7C47F5CC,classic_bike,member,0 days 00:22:04,2024-05-31 23:48:23,2024-06-01 00:10:27,Damen Ave & Cortland St,13133,Damen Ave & Leland Ave,TA1307000158,41.915983,-87.677335,41.966946,-87.678893
992E375F7C47F5CC,classic_bike,member,0 days 00:22:04,2024-05-31 23:48:23,2024-06-01 00:10:27,Damen Ave & Cortland St,13133,Damen Ave & Leland Ave,TA1307000158,41.915983,-87.677335,41.966946,-87.678893
657D12F170F26244,classic_bike,casual,0 days 00:25:05,2024-05-31 23:48:30,2024-06-01 00:13:35,Damen Ave & Cortland St,13133,Clark St & Leland Ave,TA1309000014,41.915983,-87.677335,41.96708783918421,-87.66729086637497
657D12F170F26244,classic_bike,casual,0 days 00:25:05,2024-05-31 23:48:30,2024-06-01 00:13:35,Damen Ave & Cortland St,13133,Clark St & Leland Ave,TA1309000014,41.915983,-87.677335,41.96708783918421,-87.66729086637497
C4FA41C192AB56D6,classic_bike,member,0 days 00:23:11,2024-05-31 23:48:34,2024-06-01 00:11:45,Desplaines St & Kinzie St,TA1306000003,Laflin St & Cullerton St,13307,41.888716036,-87.6444478533,41.85491457576575,-87.66355991363525
7B279FD3CB975215,classic_bike,casual,0 days 00:41:30,2024-05-31 23:48:34,2024-06-01 00:30:04,Wentworth Ave & Cermak Rd,13075,Canal St & Adams St,13011,41.85308455741279,-87.63193130493164,41.879255,-87.639904
C4FA41C192AB56D6,classic_bike,member,0 days 00:23:11,2024-05-31 23:48:34,2024-06-01 00:11:45,Desplaines St & Kinzie St,TA1306000003,Laflin St & Cullerton St,13307,41.888716036,-87.6444478533,41.85491457576575,-87.66355991363525
7B279FD3CB975215,classic_bike,casual,0 days 00:41:30,2024-05-31 23:48:34,2024-06-01 00:30:04,Wentworth Ave & Cermak Rd,13075,Canal St & Adams St,13011,41.85308455741279,-87.63193130493164,41.879255,-87.639904
6ED3DDF49B9EE461,classic_bike,casual,0 days 00:24:53,2024-05-31 23:48:38,2024-06-01 00:13:31,Morgan St & Lake St*,chargingstx4,LaSalle Dr & Huron St,KP1705001026,41.88549170626906,-87.65228927135468,41.894877,-87.632326
6ED3DDF49B9EE461,classic_bike,casual,0 days 00:24:53,2024-05-31 23:48:38,2024-06-01 00:13:31,Morgan St & Lake St*,chargingstx4,LaSalle Dr & Huron St,KP1705001026,41.88549170626906,-87.65228927135468,41.894877,-87.632326
D2D1637EEDB9BA15,classic_bike,member,0 days 00:19:46,2024-05-31 23:48:51,2024-06-01 00:08:37,Wells St & Concord Ln,TA1308000050,Damen Ave & Cortland St,13133,41.912133,-87.634656,41.915983,-87.677335
D2D1637EEDB9BA15,classic_bike,member,0 days 00:19:46,2024-05-31 23:48:51,2024-06-01 00:08:37,Wells St & Concord Ln,TA1308000050,Damen Ave & Cortland St,13133,41.912133,-87.634656,41.915983,-87.677335
2EB522511165DB63,electric_bike,member,0 days 00:22:56,2024-05-31 23:49:06,2024-06-01 00:12:02,Wells St & 19th St,SL-006,Loomis St & Lexington St,13332,41.856829643,-87.63382709,41.87222873224032,-87.66136385500431
2EB522511165DB63,electric_bike,member,0 days 00:22:56,2024-05-31 23:49:06,2024-06-01 00:12:02,Wells St & 19th St,SL-006,Loomis St & Lexington St,13332,41.856829643,-87.63382709,41.87222873224032,-87.66136385500431
4E7D10C3CC65E8A2,electric_bike,member,0 days 00:20:53,2024-05-31 23:49:16,2024-06-01 00:10:09,Wells St & 19th St,SL-006,Loomis St & Lexington St,13332,41.856828094,-87.633784413,41.87222873224032,-87.66136385500431
4E7D10C3CC65E8A2,electric_bike,member,0 days 00:20:53,2024-05-31 23:49:16,2024-06-01 00:10:09,Wells St & 19th St,SL-006,Loomis St & Lexington St,13332,41.856828094,-87.633784413,41.87222873224032,-87.66136385500431
72EEF94673D4E796,classic_bike,casual,0 days 00:16:42,2024-05-31 23:49:19,2024-06-01 00:06:01,Sheffield Ave & Webster Ave,TA1309000033,Greenview Ave & Diversey Pkwy,13294,41.92154,-87.653818,41.93258963429789,-87.66593635082245
72EEF94673D4E796,classic_bike,casual,0 days 00:16:42,2024-05-31 23:49:19,2024-06-01 00:06:01,Sheffield Ave & Webster Ave,TA1309000033,Greenview Ave & Diversey Pkwy,13294,41.92154,-87.653818,41.93258963429789,-87.66593635082245
C8279789821AE094,classic_bike,member,0 days 00:23:26,2024-05-31 23:50:19,2024-06-01 00:13:45,Shedd Aquarium,15544,McClurg Ct & Erie St,KA1503000041,41.86722595682,-87.6153553902,41.894503,-87.617854
C8279789821AE094,classic_bike,member,0 days 00:23:26,2024-05-31 23:50:19,2024-06-01 00:13:45,Shedd Aquarium,15544,McClurg Ct & Erie St,KA1503000041,41.86722595682,-87.6153553902,41.894503,-87.617854
5DCA3BA77BCB1B6D,electric_bike,member,0 days 00:26:06,2024-05-31 23:50:36,2024-06-01 00:16:42,Wabash Ave & Grand Ave,TA1307000117,DuSable Lake Shore Dr & Belmont Ave,TA1309000049,41.891280055,-87.626298666,41.940775,-87.639192
5DCA3BA77BCB1B6D,electric_bike,member,0 days 00:26:06,2024-05-31 23:50:36,2024-06-01 00:16:42,Wabash Ave & Grand Ave,TA1307000117,DuSable Lake Shore Dr & Belmont Ave,TA1309000049,41.891280055,-87.626298666,41.940775,-87.639192
5E5E9FCB293D242D,classic_bike,casual,0 days 00:24:19,2024-05-31 23:50:53,2024-06-01 00:15:12,Shedd Aquarium,15544,Streeter Dr & Grand Ave,13022,41.86722595682,-87.6153553902,41.892278,-87.612043
5E5E9FCB293D242D,classic_bike,casual,0 days 00:24:19,2024-05-31 23:50:53,2024-06-01 00:15:12,Shedd Aquarium,15544,Streeter Dr & Grand Ave,13022,41.86722595682,-87.6153553902,41.892278,-87.612043
93D930D5CFDA0E73,classic_bike,casual,0 days 00:39:01,2024-05-31 23:50:55,2024-06-01 00:29:56,Wentworth Ave & Cermak Rd,13075,Canal St & Adams St,13011,41.85308455741279,-87.63193130493164,41.879255,-87.639904
93D930D5CFDA0E73,classic_bike,casual,0 days 00:39:01,2024-05-31 23:50:55,2024-06-01 00:29:56,Wentworth Ave & Cermak Rd,13075,Canal St & Adams St,13011,41.85308455741279,-87.63193130493164,41.879255,-87.639904
39ECDF3F0C281CE5,classic_bike,member,0 days 00:15:27,2024-05-31 23:50:58,2024-06-01 00:06:25,Wilton Ave & Belmont Ave,TA1307000134,Broadway & Wilson Ave,13074,41.940231918108594,-87.65294373035431,41.965221,-87.658139
39ECDF3F0C281CE5,classic_bike,member,0 days 00:15:27,2024-05-31 23:50:58,2024-06-01 00:06:25,Wilton Ave & Belmont Ave,TA1307000134,Broadway & Wilson Ave,13074,41.940231918108594,-87.65294373035431,41.965221,-87.658139
57D54C76FF580E3C,classic_bike,casual,0 days 00:23:35,2024-05-31 23:51:02,2024-06-01 00:14:37,Shedd Aquarium,15544,Streeter Dr & Grand Ave,13022,41.86722595682,-87.6153553902,41.892278,-87.612043
57D54C76FF580E3C,classic_bike,casual,0 days 00:23:35,2024-05-31 23:51:02,2024-06-01 00:14:37,Shedd Aquarium,15544,Streeter Dr & Grand Ave,13022,41.86722595682,-87.6153553902,41.892278,-87.612043
0625A51D397A68F9,classic_bike,casual,0 days 00:10:05,2024-05-31 23:51:12,2024-06-01 00:01:17,Shedd Aquarium,15544,Dearborn St & Van Buren St,624,41.86722595682,-87.6153553902,41.876268,-87.629155
0625A51D397A68F9,classic_bike,casual,0 days 00:10:05,2024-05-31 23:51:12,2024-06-01 00:01:17,Shedd Aquarium,15544,Dearborn St & Van Buren St,624,41.86722595682,-87.6153553902,41.876268,-87.629155
57C1F1D6D25698C9,classic_bike,casual,0 days 00:30:30,2024-05-31 23:51:39,2024-06-01 00:22:09,Shedd Aquarium,15544,Cityfront Plaza Dr & Pioneer Ct,13427,41.86722595682,-87.6153553902,41.890573,-87.622072
57C1F1D6D25698C9,classic_bike,casual,0 days 00:30:30,2024-05-31 23:51:39,2024-06-01 00:22:09,Shedd Aquarium,15544,Cityfront Plaza Dr & Pioneer Ct,13427,41.86722595682,-87.6153553902,41.890573,-87.622072
0AF69D1A20891AD2,classic_bike,member,0 days 00:10:47,2024-05-31 23:51:45,2024-06-01 00:02:32,Lincoln Ave & Diversey Pkwy,TA1307000064,Broadway & Waveland Ave,13325,41.932225,-87.658617,41.949074,-87.648636
0AF69D1A20891AD2,classic_bike,member,0 days 00:10:47,2024-05-31 23:51:45,2024-06-01 00:02:32,Lincoln Ave & Diversey Pkwy,TA1307000064,Broadway & Waveland Ave,13325,41.932225,-87.658617,41.949074,-87.648636
F7196176B3B2F9CF,classic_bike,casual,0 days 00:18:39,2024-05-31 23:51:53,2024-06-01 00:10:32,Shedd Aquarium,15544,New St & Illinois St,TA1306000013,41.86722595682,-87.6153553902,41.89084704062381,-87.61861681938171
F7196176B3B2F9CF,classic_bike,casual,0 days 00:18:39,2024-05-31 23:51:53,2024-06-01 00:10:32,Shedd Aquarium,15544,New St & Illinois St,TA1306000013,41.86722595682,-87.6153553902,41.89084704062381,-87.61861681938171
6DB231C0E18B1A4F,classic_bike,member,0 days 00:10:18,2024-05-31 23:51:57,2024-06-01 00:02:15,Wabash Ave & Grand Ave,TA1307000117,Milwaukee Ave & Grand Ave,13033,41.891466,-87.626761,41.891578,-87.648384
6DB231C0E18B1A4F,classic_bike,member,0 days 00:10:18,2024-05-31 23:51:57,2024-06-01 00:02:15,Wabash Ave & Grand Ave,TA1307000117,Milwaukee Ave & Grand Ave,13033,41.891466,-87.626761,41.891578,-87.648384
C5EF63A2DE8E57A8,electric_bike,casual,0 days 00:13:52,2024-05-31 23:52:07,2024-06-01 00:05:59,Indiana Ave & 26th St,TA1307000005,Indiana Ave & 26th St,TA1307000005,41.845698953,-87.622606635,41.845687,-87.622481
C5EF63A2DE8E57A8,electric_bike,casual,0 days 00:13:52,2024-05-31 23:52:07,2024-06-01 00:05:59,Indiana Ave & 26th St,TA1307000005,Indiana Ave & 26th St,TA1307000005,41.845698953,-87.622606635,41.845687,-87.622481
CF25E56A43052CFF,electric_bike,member,0 days 00:09:58,2024-05-31 23:52:19,2024-06-01 00:02:17,Wabash Ave & Grand Ave,TA1307000117,Milwaukee Ave & Grand Ave,13033,41.891412854,-87.626526356,41.891578,-87.648384
CF25E56A43052CFF,electric_bike,member,0 days 00:09:58,2024-05-31 23:52:19,2024-06-01 00:02:17,Wabash Ave & Grand Ave,TA1307000117,Milwaukee Ave & Grand Ave,13033,41.891412854,-87.626526356,41.891578,-87.648384
0AE60485F97A473D,classic_bike,casual,0 days 00:07:32,2024-05-31 23:52:30,2024-06-01 00:00:02,Wells St & Concord Ln,TA1308000050,Halsted St & Willow St,TA1307000166,41.912133,-87.634656,41.913865,-87.648755
0AE60485F97A473D,classic_bike,casual,0 days 00:07:32,2024-05-31 23:52:30,2024-06-01 00:00:02,Wells St & Concord Ln,TA1308000050,Halsted St & Willow St,TA1307000166,41.912133,-87.634656,41.913865,-87.648755
9FF6FFB668739B47,electric_bike,member,0 days 00:10:39,2024-05-31 23:53:26,2024-06-01 00:04:05,Halsted St & Wrightwood Ave,TA1309000061,Orleans St & Chestnut St (NEXT Apts),620,41.929207683,-87.649222374,41.898203,-87.637536
9FF6FFB668739B47,electric_bike,member,0 days 00:10:39,2024-05-31 23:53:26,2024-06-01 00:04:05,Halsted St & Wrightwood Ave,TA1309000061,Orleans St & Chestnut St (NEXT Apts),620,41.929207683,-87.649222374,41.898203,-87.637536
E8E59D45A4AEFD11,electric_bike,member,0 days 00:10:59,2024-05-31 23:53:31,2024-06-01 00:04:30,Green St & Washington Blvd,13053,Michigan Ave & Washington St,13001,41.883200049,-87.648792505,41.8839840647265,-87.6246839761734
E8E59D45A4AEFD11,electric_bike,member,0 days 00:10:59,2024-05-31 23:53:31,2024-06-01 00:04:30,Green St & Washington Blvd,13053,Michigan Ave & Washington St,13001,41.883200049,-87.648792505,41.8839840647265,-87.6246839761734
BDEBE20B7BAA1E46,classic_bike,casual,0 days 00:36:23,2024-05-31 23:53:55,2024-06-01 00:30:18,Wentworth Ave & Cermak Rd,13075,Canal St & Adams St,13011,41.85308455741279,-87.63193130493164,41.879255,-87.639904
BDEBE20B7BAA1E46,classic_bike,casual,0 days 00:36:23,2024-05-31 23:53:55,2024-06-01 00:30:18,Wentworth Ave & Cermak Rd,13075,Canal St & Adams St,13011,41.85308455741279,-87.63193130493164,41.879255,-87.639904
F74208AD3A0B73CB,classic_bike,member,0 days 00:06:40,2024-05-31 23:54:18,2024-06-01 00:00:58,Wilton Ave & Diversey Pkwy*,chargingstx2,Sheffield Ave & Waveland Ave,TA1307000126,41.932418,-87.652705,41.949399,-87.654529
F74208AD3A0B73CB,classic_bike,member,0 days 00:06:40,2024-05-31 23:54:18,2024-06-01 00:00:58,Wilton Ave & Diversey Pkwy*,chargingstx2,Sheffield Ave & Waveland Ave,TA1307000126,41.932418,-87.652705,41.949399,-87.654529
CA12CCDD359DA80C,classic_bike,casual,0 days 00:06:50,2024-05-31 23:54:35,2024-06-01 00:01:25,Halsted St & Archer Ave,TA1308000013,Morgan St & 31st St,TA1308000046,41.847203,-87.646795,41.8378,-87.65114
CA12CCDD359DA80C,classic_bike,casual,0 days 00:06:50,2024-05-31 23:54:35,2024-06-01 00:01:25,Halsted St & Archer Ave,TA1308000013,Morgan St & 31st St,TA1308000046,41.847203,-87.646795,41.8378,-87.65114
4975DC01D7671AEF,electric_bike,member,0 days 00:05:17,2024-05-31 23:55:09,2024-06-01 00:00:26,Wells St & Evergreen Ave,TA1308000049,Dayton St & North Ave,13058,41.906705976,-87.63499105,41.9105780349,-87.6494219288
4975DC01D7671AEF,electric_bike,member,0 days 00:05:17,2024-05-31 23:55:09,2024-06-01 00:00:26,Wells St & Evergreen Ave,TA1308000049,Dayton St & North Ave,13058,41.906705976,-87.63499105,41.9105780349,-87.6494219288
1670C17367E02F66,classic_bike,casual,0 days 00:16:43,2024-05-31 23:55:12,2024-06-01 00:11:55,Southport Ave & Belmont Ave,13229,Broadway & Argyle St,13108,41.93947775040509,-87.6637476682663,41.973815,-87.65966
1670C17367E02F66,classic_bike,casual,0 days 00:16:43,2024-05-31 23:55:12,2024-06-01 00:11:55,Southport Ave & Belmont Ave,13229,Broadway & Argyle St,13108,41.93947775040509,-87.6637476682663,41.973815,-87.65966
182D4AC517DFD38A,classic_bike,member,0 days 00:07:14,2024-05-31 23:55:16,2024-06-01 00:02:30,Sheffield Ave & Kingsbury St,13154,Bissell St & Armitage Ave*,chargingstx1,41.910522,-87.653106,41.9182955629354,-87.65218332409859
182D4AC517DFD38A,classic_bike,member,0 days 00:07:14,2024-05-31 23:55:16,2024-06-01 00:02:30,Sheffield Ave & Kingsbury St,13154,Bissell St & Armitage Ave*,chargingstx1,41.910522,-87.653106,41.9182955629354,-87.65218332409859
10B8505E74E83213,classic_bike,member,0 days 00:07:07,2024-05-31 23:55:23,2024-06-01 00:02:30,Sheffield Ave & Kingsbury St,13154,Bissell St & Armitage Ave*,chargingstx1,41.910522,-87.653106,41.9182955629354,-87.65218332409859
10B8505E74E83213,classic_bike,member,0 days 00:07:07,2024-05-31 23:55:23,2024-06-01 00:02:30,Sheffield Ave & Kingsbury St,13154,Bissell St & Armitage Ave*,chargingstx1,41.910522,-87.653106,41.9182955629354,-87.65218332409859
D115C403314536C4,electric_bike,member,0 days 00:13:43,2024-05-31 23:55:36,2024-06-01 00:09:19,LaSalle St & Illinois St,13430,Morgan Ave & 14th Pl,TA1306000002,41.891057253,-87.631802678,41.862378,-87.651062
D115C403314536C4,electric_bike,member,0 days 00:13:43,2024-05-31 23:55:36,2024-06-01 00:09:19,LaSalle St & Illinois St,13430,Morgan Ave & 14th Pl,TA1306000002,41.891057253,-87.631802678,41.862378,-87.651062
2F9BC5B5C50E3E3C,classic_bike,casual,0 days 00:11:27,2024-05-31 23:55:44,2024-06-01 00:07:11,Halsted St & Roscoe St,TA1309000025,Sheffield Ave & Waveland Ave,TA1307000126,41.94367,-87.64895,41.949399,-87.654529
2F9BC5B5C50E3E3C,classic_bike,casual,0 days 00:11:27,2024-05-31 23:55:44,2024-06-01 00:07:11,Halsted St & Roscoe St,TA1309000025,Sheffield Ave & Waveland Ave,TA1307000126,41.94367,-87.64895,41.949399,-87.654529
9362AABA6A352CC9,classic_bike,casual,0 days 00:13:23,2024-05-31 23:56:03,2024-06-01 00:09:26,Wells St & Concord Ln,TA1308000050,Sheffield Ave & Wrightwood Ave,TA1309000023,41.912133,-87.634656,41.928712,-87.653833
9362AABA6A352CC9,classic_bike,casual,0 days 00:13:23,2024-05-31 23:56:03,2024-06-01 00:09:26,Wells St & Concord Ln,TA1308000050,Sheffield Ave & Wrightwood Ave,TA1309000023,41.912133,-87.634656,41.928712,-87.653833
C80171A2E5BE24EA,classic_bike,casual,0 days 00:14:37,2024-05-31 23:56:07,2024-06-01 00:10:44,Wells St & Concord Ln,TA1308000050,Sheffield Ave & Wrightwood Ave,TA1309000023,41.912133,-87.634656,41.928712,-87.653833
C80171A2E5BE24EA,classic_bike,casual,0 days 00:14:37,2024-05-31 23:56:07,2024-06-01 00:10:44,Wells St & Concord Ln,TA1308000050,Sheffield Ave & Wrightwood Ave,TA1309000023,41.912133,-87.634656,41.928712,-87.653833
BF264DE1F48920ED,electric_bike,member,0 days 00:03:52,2024-05-31 23:56:10,2024-06-01 00:00:02,Wells St & Huron St,TA1306000012,Michigan Ave & Pearson St,13034,41.894783735,-87.634630084,41.89766,-87.62351
BF264DE1F48920ED,electric_bike,member,0 days 00:03:52,2024-05-31 23:56:10,2024-06-01 00:00:02,Wells St & Huron St,TA1306000012,Michigan Ave & Pearson St,13034,41.894783735,-87.634630084,41.89766,-87.62351
FCA692A3455D0366,electric_bike,member,0 days 00:13:12,2024-05-31 23:56:30,2024-06-01 00:09:42,Fairbanks St & Superior St,18003,Leavitt St & Chicago Ave,18058,41.895463943,-87.619710565,41.895501,-87.682017
FCA692A3455D0366,electric_bike,member,0 days 00:13:12,2024-05-31 23:56:30,2024-06-01 00:09:42,Fairbanks St & Superior St,18003,Leavitt St & Chicago Ave,18058,41.895463943,-87.619710565,41.895501,-87.682017
456B53D1210C6052,electric_bike,casual,0 days 00:10:20,2024-05-31 23:56:39,2024-06-01 00:06:59,Lakefront Trail & Wilson Ave,639,Sheridan Rd & Argyle St,13059,41.965797186,-87.645546794,41.97328682025979,-87.65475958585739
456B53D1210C6052,electric_bike,casual,0 days 00:10:20,2024-05-31 23:56:39,2024-06-01 00:06:59,Lakefront Trail & Wilson Ave,639,Sheridan Rd & Argyle St,13059,41.965797186,-87.645546794,41.97328682025979,-87.65475958585739
DF457AB27F30DC3D,electric_bike,member,0 days 00:07:29,2024-05-31 23:56:44,2024-06-01 00:04:13,Clark St & Winnemac Ave,TA1309000035,Clark St & Schreiber Ave,KA1504000156,41.973408461,-87.667820811,41.999245,-87.671249
DF457AB27F30DC3D,electric_bike,member,0 days 00:07:29,2024-05-31 23:56:44,2024-06-01 00:04:13,Clark St & Winnemac Ave,TA1309000035,Clark St & Schreiber Ave,KA1504000156,41.973408461,-87.667820811,41.999245,-87.671249
1031D4B5FAB89670,electric_bike,member,0 days 00:32:48,2024-05-31 23:56:47,2024-06-01 00:29:35,Knox Ave & Montrose Ave,592,Broadway & Sheridan Rd,13323,41.960645676,-87.745454907,41.952833,-87.649993
1031D4B5FAB89670,electric_bike,member,0 days 00:32:48,2024-05-31 23:56:47,2024-06-01 00:29:35,Knox Ave & Montrose Ave,592,Broadway & Sheridan Rd,13323,41.960645676,-87.745454907,41.952833,-87.649993
AFDEB5CA289CD1EA,electric_bike,casual,0 days 00:09:52,2024-05-31 23:56:51,2024-06-01 00:06:43,Dayton St & North Ave,13058,Sheffield Ave & Wrightwood Ave,TA1309000023,41.910668612,-87.649511695,41.928712,-87.653833
AFDEB5CA289CD1EA,electric_bike,casual,0 days 00:09:52,2024-05-31 23:56:51,2024-06-01 00:06:43,Dayton St & North Ave,13058,Sheffield Ave & Wrightwood Ave,TA1309000023,41.910668612,-87.649511695,41.928712,-87.653833
75AEF6DA7DAECFFA,classic_bike,member,0 days 00:08:17,2024-05-31 23:56:54,2024-06-01 00:05:11,Honore St & Division St,TA1305000034,Damen Ave & Cortland St,13133,41.903119,-87.673935,41.915983,-87.677335
75AEF6DA7DAECFFA,classic_bike,member,0 days 00:08:17,2024-05-31 23:56:54,2024-06-01 00:05:11,Honore St & Division St,TA1305000034,Damen Ave & Cortland St,13133,41.903119,-87.673935,41.915983,-87.677335
55363479163E779D,electric_bike,member,0 days 00:07:38,2024-05-31 23:57:11,2024-06-01 00:04:49,Damen Ave & Wabansia Ave,20.0,Sheffield Ave & Kingsbury St,13154,41.912261486,-87.67725849199999,41.910522,-87.653106
55363479163E779D,electric_bike,member,0 days 00:07:38,2024-05-31 23:57:11,2024-06-01 00:04:49,Damen Ave & Wabansia Ave,20.0,Sheffield Ave & Kingsbury St,13154,41.912261486,-87.67725849199999,41.910522,-87.653106
4BE365649B9B5D30,classic_bike,member,0 days 00:22:27,2024-05-31 23:57:27,2024-06-01 00:19:54,Sedgwick St & Webster Ave,13191,Sheridan Rd & Irving Park Rd,13063,41.922167,-87.638888,41.954245,-87.654406
4BE365649B9B5D30,classic_bike,member,0 days 00:22:27,2024-05-31 23:57:27,2024-06-01 00:19:54,Sedgwick St & Webster Ave,13191,Sheridan Rd & Irving Park Rd,13063,41.922167,-87.638888,41.954245,-87.654406
41672C5E95EBBC67,classic_bike,member,0 days 00:07:37,2024-05-31 23:57:51,2024-06-01 00:05:28,Leavitt St & Belmont Ave,KA17018068,Seeley Ave & Roscoe St,13144,41.939354,-87.683282,41.943403,-87.679618
41672C5E95EBBC67,classic_bike,member,0 days 00:07:37,2024-05-31 23:57:51,2024-06-01 00:05:28,Leavitt St & Belmont Ave,KA17018068,Seeley Ave & Roscoe St,13144,41.939354,-87.683282,41.943403,-87.679618
44CC4F2EBA96A21E,electric_bike,casual,0 days 00:02:26,2024-05-31 23:57:54,2024-06-01 00:00:20,Michigan Ave & Washington St,13001,Columbus Dr & Randolph St,13263,41.883807063,-87.624498963,41.884728,-87.619521
44CC4F2EBA96A21E,electric_bike,casual,0 days 00:02:26,2024-05-31 23:57:54,2024-06-01 00:00:20,Michigan Ave & Washington St,13001,Columbus Dr & Randolph St,13263,41.883807063,-87.624498963,41.884728,-87.619521
BDF5D09E0EE33741,classic_bike,casual,0 days 00:19:11,2024-05-31 23:57:58,2024-06-01 00:17:09,Halsted St & Dickens Ave,13192,Cannon Dr & Fullerton Ave,13124,41.919936,-87.64883,41.9267559875,-87.6344287848
BDF5D09E0EE33741,classic_bike,casual,0 days 00:19:11,2024-05-31 23:57:58,2024-06-01 00:17:09,Halsted St & Dickens Ave,13192,Cannon Dr & Fullerton Ave,13124,41.919936,-87.64883,41.9267559875,-87.6344287848
11D27AC26E0042CF,classic_bike,member,0 days 00:18:57,2024-05-31 23:57:59,2024-06-01 00:16:56,Halsted St & Dickens Ave,13192,Cannon Dr & Fullerton Ave,13124,41.919936,-87.64883,41.9267559875,-87.6344287848
11D27AC26E0042CF,classic_bike,member,0 days 00:18:57,2024-05-31 23:57:59,2024-06-01 00:16:56,Halsted St & Dickens Ave,13192,Cannon Dr & Fullerton Ave,13124,41.919936,-87.64883,41.9267559875,-87.6344287848
23F678CC1EB2E18F,classic_bike,member,0 days 00:06:31,2024-05-31 23:58:04,2024-06-01 00:04:35,Wabash Ave & Grand Ave,TA1307000117,Columbus Dr & Randolph St,13263,41.891466,-87.626761,41.884728,-87.619521
23F678CC1EB2E18F,classic_bike,member,0 days 00:06:31,2024-05-31 23:58:04,2024-06-01 00:04:35,Wabash Ave & Grand Ave,TA1307000117,Columbus Dr & Randolph St,13263,41.891466,-87.626761,41.884728,-87.619521
498F8D958AA5D698,electric_bike,member,0 days 00:02:15,2024-05-31 23:58:09,2024-06-01 00:00:24,Wells St & Institute Pl,22001,Wells St & Elm St,KA1504000135,41.897421956,-87.634379625,41.903222,-87.634324
498F8D958AA5D698,electric_bike,member,0 days 00:02:15,2024-05-31 23:58:09,2024-06-01 00:00:24,Wells St & Institute Pl,22001,Wells St & Elm St,KA1504000135,41.897421956,-87.634379625,41.903222,-87.634324
7A3224608C3E5179,electric_bike,casual,0 days 00:07:02,2024-05-31 23:59:37,2024-06-01 00:06:39,Dayton St & North Ave,13058,Sheffield Ave & Wrightwood Ave,TA1309000023,41.910588741,-87.649393678,41.928712,-87.653833
7A3224608C3E5179,electric_bike,casual,0 days 00:07:02,2024-05-31 23:59:37,2024-06-01 00:06:39,Dayton St & North Ave,13058,Sheffield Ave & Wrightwood Ave,TA1309000023,41.910588741,-87.649393678,41.928712,-87.653833
710616EF83DFB247,electric_bike,member,0 days 00:20:29,2024-05-31 23:59:47,2024-06-01 00:20:16,Seeley Ave & Roscoe St,13144,Green St & Madison St,TA1307000120,41.943434119,-87.679647088,41.88185932803823,-87.64926373958588
710616EF83DFB247,electric_bike,member,0 days 00:20:29,2024-05-31 23:59:47,2024-06-01 00:20:16,Seeley Ave & Roscoe St,13144,Green St & Madison St,TA1307000120,41.943434119,-87.679647088,41.88185932803823,-87.64926373958588
